19228743;EULER WAGNER FREITAS SANTOS;ATIVO PERMANENTE;GER DE GRADUACAO;PROFESSOR ENS BASICO TECN TECNOLOGICO;D;
19229178;GUSTAVO JOSE CARDOSO BRAZ;ATIVO PERMANENTE;GER DE ENSINO TECNICO;PROFESSOR ENS BASICO TECN TECNOLOGICO;D;
19229253;AFRAM DOMINGOS SILVA DE MENESES;ATIVO PERMANENTE;GERENCIA DE ENSINO - SCR;PROFESSOR ENS BASICO TECN TECNOLOGICO;D;
19229334;MARCOS DE OLIVEIRA SANTOS;ATIVO PERMANENTE;CAMPUS LAGARTO;PROFESSOR ENS BASICO TECN TECNOLOGICO;D;
19230067;MARIA ALCIENE NEVES;ATIVO PERMANENTE;GERENCIA DE ENSINO - GLORIA;PROFESSOR ENS BASICO TECN TECNOLOGICO;D;
19230377;SELMA RODRIGUES DA SILVA CARDOSO;APOSENTADO;REITORIA;ASSISTENTE EM ADMINISTRACAO;D;416
19230647;EDIVALDO ALVES DE OLIVEIRA;ATIVO PERMANENTE;REITORIA;PROFESSOR ENS BASICO TECN TECNOLOGICO;D;
19232004;SAVIO SANTOS MENEZES;ATIVO PERMANENTE;PRO REITORIA DE GESTAO DE PESSOAS;TECNICO EM SECRETARIADO;D;303
19232061;LUIZ ALBERTO ALVES SANTOS;ATIVO PERMANENTE;GERÊNCIA DE ADMINISTRACAO;ALMOXARIFE;C;414
19232218;VALMIR DO CARMO PRATA;ATIVO PERMANENTE;GER DE ENSINO;PROFESSOR ENS BASICO TECN TECNOLOGICO;D;
19232387;LUCYCLEIDE SANTOS SANTANA;ATIVO PERMANENTE;CAMPUS LAGARTO;PROFESSOR ENS BASICO TECN TECNOLOGICO;D;
19232563;BRUNO SANTOS MENDES;ATIVO PERMANENTE;ASSESSORIA DE ADMINISTRACAO;ASSISTENTE EM ADMINISTRACAO;D;406
19232820;JAMYLLYS VIEIRA VIANA;ATIVO PERMANENTE;GER DE ADMINISTRACAO;CONTADOR;E;303
19233728;SELMA RODRIGUES DA SILVA CARDOSO;APOSENTADO;REITORIA;ASSISTENTE EM ADMINISTRACAO;D;416
19234034;LUIZ ALBERTO ALVES SANTOS;ATIVO PERMANENTE;GERÊNCIA DE ADMINISTRACAO;ALMOXARIFE;C;414
